{
	"format_version": "1.8.0",
	"animations": {
		"animation.player.whip": {
			"loop": "hold_on_last_frame",
			"animation_length": 0.625,
			"bones": {
				"rightArm": {
					"rotation": {
						"0.0": [
							0,
							0,
							0
						],
						"0.0833": [
							-98.18774,
							24.38449,
							-7.82336
						],
						"0.2083": [
							-206.49955,
							84.41125,
							-48.60872
						],
						"0.25": [
							-180,
							75,
							-20
						],
						"0.3333": [
							-112.62906,
							-47.72648,
							87.1423
						],
						"0.4583": [
							-118.18872,
							-56.77747,
							94.14473
						],
						"0.625": [
							0,
							0,
							0
						]
					}
				}
			}
		}
	}
}