{
	"format_version": "1.8.0",
	"animations": {
		"animation.whip.first_person_hold": {
			"loop": true,
			"bones": {
				"root_item": {
					"rotation": [
						116.46523,
						123.24837,
						-258.11356
					],
					"position": [
						3,
						23,
						4
					],
					"scale": 1.1
				}
			}
		},
		"animation.whip.third_person_hold": {
			"loop": true,
			"bones": {
				"root_item": {
					"rotation": [
						90,
						180,
						180
					],
					"position": [
						0.5,
						22.5,
						3.5
					]
				}
			}
		},
		"animation.whip.unravel": {
			"loop": "hold_on_last_frame",
			"animation_length": 0.6667,
			"bones": {
				"bone": {
					"rotation": {
						"0.0": [
							0,
							0,
							0
						],
						"0.125": [
							45,
							0,
							0
						],
						"0.4583": [
							32.5,
							0,
							0
						],
						"0.625": [
							17.5,
							0,
							0
						],
						"0.6667": [
							0,
							0,
							0
						]
					}
				},
				"bone2": {
					"rotation": {
						"0.0417": [
							0,
							0,
							0
						],
						"0.1667": [
							92.5,
							0,
							0
						],
						"0.5833": [
							92.5,
							0,
							0
						],
						"0.625": [
							0,
							0,
							0
						]
					}
				},
				"bone3": {
					"rotation": {
						"0.0833": [
							0,
							0,
							0
						],
						"0.2083": [
							55,
							0,
							0
						],
						"0.5417": [
							55,
							0,
							0
						],
						"0.5833": [
							0,
							0,
							0
						]
					}
				},
				"bone4": {
					"rotation": {
						"0.1667": [
							0,
							0,
							0
						],
						"0.25": [
							5,
							0,
							0
						],
						"0.5": [
							5,
							0,
							0
						],
						"0.5417": [
							0,
							0,
							0
						]
					}
				},
				"bone5": {
					"rotation": {
						"0.0833": [
							0,
							0,
							0
						],
						"0.2083": [
							-117.5,
							0,
							0
						],
						"0.4167": [
							-157.5,
							0,
							0
						],
						"0.4583": [
							-117.5,
							0,
							0
						],
						"0.5": [
							0,
							0,
							0
						]
					}
				}
			}
		},
		"animation.whip.unravel2": {
			"loop": "hold_on_last_frame",
			"animation_length": 0.4583,
			"bones": {
				"bone": {
					"rotation": {
						"0.0": [
							-20,
							0,
							0
						],
						"0.0833": [
							0,
							0,
							0
						],
						"0.375": [
							0,
							0,
							0
						],
						"0.4583": [
							0,
							0,
							0
						]
					}
				},
				"bone2": {
					"rotation": {
						"0.0": [
							0,
							0,
							0
						],
						"0.0833": [
							160,
							0,
							0
						],
						"0.3333": [
							160,
							0,
							0
						],
						"0.4167": [
							0,
							0,
							0
						]
					}
				},
				"bone3": {
					"rotation": {
						"0.0417": [
							0,
							0,
							0
						],
						"0.125": [
							27.5,
							0,
							0
						],
						"0.2917": [
							27.5,
							0,
							0
						],
						"0.375": [
							0,
							0,
							0
						]
					}
				},
				"bone5": {
					"rotation": {
						"0.0417": [
							0,
							0,
							0
						],
						"0.125": [
							-147.5,
							0,
							0
						],
						"0.25": [
							-147.5,
							0,
							0
						],
						"0.3333": [
							0,
							0,
							0
						]
					}
				}
			}
		}
	}
}