{
	"format_version": "1.8.0",
	"animations": {
		"animation.cataclysmplayer.test": {
			"animation_length": 0.875,
			"bones": {
				"waist": {
					"rotation": {
						"0.0": [
							0,
							0,
							0
						],
						"0.0417": [
							-1.41923,
							0,
							0
						],
						"0.0833": [
							-16.08077,
							0,
							0
						],
						"0.125": [
							-17.5,
							0,
							0
						],
						"0.1667": [
							-14.05331,
							0,
							0
						],
						"0.25": [
							21.55331,
							0,
							0
						],
						"0.2917": [
							25,
							0,
							0
						],
						"0.375": [
							25,
							0,
							0
						],
						"0.4583": [
							25,
							0,
							0
						],
						"0.5": [
							23.96215,
							0,
							0
						],
						"0.5417": [
							21.72452,
							0,
							0
						],
						"0.5833": [
							18.90009,
							0,
							0
						],
						"0.625": [
							15.76786,
							0,
							0
						],
						"0.7083": [
							9.23214,
							0,
							0
						],
						"0.75": [
							6.09991,
							0,
							0
						],
						"0.7917": [
							3.27548,
							0,
							0
						],
						"0.8333": [
							1.03785,
							0,
							0
						],
						"0.875": [
							0,
							0,
							0
						]
					}
				},
				"rightArm": {
					"rotation": {
						"0.0": [
							0,
							0,
							0
						],
						"0.0417": [
							-14.01244,
							0.52343,
							0.94319
						],
						"0.0833": [
							-158.77023,
							5.93079,
							10.68691
						],
						"0.125": [
							-172.78267,
							6.45422,
							11.6301
						],
						"0.1667": [
							-168.68958,
							2.86887,
							12.40372
						],
						"0.25": [
							-126.40531,
							-34.17012,
							20.39569
						],
						"0.2917": [
							-122.31223,
							-37.75546,
							21.16931
						],
						"0.375": [
							-122.31223,
							-37.75546,
							21.16931
						],
						"0.4583": [
							-122.31223,
							-37.75546,
							21.16931
						],
						"0.5": [
							-117.23455,
							-36.18808,
							20.29048
						],
						"0.5417": [
							-106.28699,
							-32.80878,
							18.39572
						],
						"0.5833": [
							-92.46848,
							-28.54327,
							16.00407
						],
						"0.625": [
							-77.1441,
							-23.81292,
							13.35179
						],
						"0.7083": [
							-45.16813,
							-13.94254,
							7.81752
						],
						"0.75": [
							-29.84374,
							-9.2122,
							5.16523
						],
						"0.7917": [
							-16.02524,
							-4.94669,
							2.77358
						],
						"0.8333": [
							-5.07768,
							-1.56738,
							0.87882
						],
						"0.875": [
							0,
							0,
							0
						]
					},
					"position": {
						"0.0": [
							0,
							0,
							0
						],
						"0.0417": [
							0.1622,
							0.40549,
							0
						],
						"0.0833": [
							1.8378,
							4.59451,
							0
						],
						"0.125": [
							2,
							5,
							0
						],
						"0.1667": [
							1.9189,
							4.59451,
							-0.34467
						],
						"0.25": [
							1.0811,
							0.40549,
							-3.90533
						],
						"0.2917": [
							1,
							0,
							-4.25
						],
						"0.375": [
							1,
							0,
							-4.25
						],
						"0.4583": [
							1,
							0,
							-4.25
						],
						"0.5": [
							0.95849,
							0,
							-4.07357
						],
						"0.5417": [
							0.86898,
							0,
							-3.69317
						],
						"0.5833": [
							0.756,
							0,
							-3.21302
						],
						"0.625": [
							0.63071,
							0,
							-2.68054
						],
						"0.7083": [
							0.36929,
							0,
							-1.56946
						],
						"0.75": [
							0.244,
							0,
							-1.03698
						],
						"0.7917": [
							0.13102,
							0,
							-0.55683
						],
						"0.8333": [
							0.04151,
							0,
							-0.17643
						],
						"0.875": [
							0,
							0,
							0
						]
					}
				},
				"rightItem": {
					"rotation": {
						"0.0": [
							0,
							0,
							0
						],
						"0.0417": [
							0,
							0.60824,
							0.60824
						],
						"0.0833": [
							0,
							6.89176,
							6.89176
						],
						"0.125": [
							0,
							7.5,
							7.5
						],
						"0.1667": [
							0,
							6.89176,
							10.33845
						],
						"0.25": [
							0,
							0.60824,
							39.66155
						],
						"0.2917": [
							0,
							0,
							42.5
						],
						"0.375": [
							0,
							0,
							42.5
						],
						"0.4583": [
							0,
							0,
							42.5
						],
						"0.5": [
							0,
							0,
							40.73565
						],
						"0.5417": [
							0,
							0,
							36.93169
						],
						"0.5833": [
							0,
							0,
							32.13015
						],
						"0.625": [
							0,
							0,
							26.80537
						],
						"0.7083": [
							0,
							0,
							15.69463
						],
						"0.75": [
							0,
							0,
							10.36985
						],
						"0.7917": [
							0,
							0,
							5.56831
						],
						"0.8333": [
							0,
							0,
							1.76435
						],
						"0.875": [
							0,
							0,
							0
						]
					},
					"position": {
						"0.0": [
							0,
							0,
							0
						],
						"0.0417": [
							0.20275,
							-0.18247,
							0
						],
						"0.0833": [
							2.29725,
							-2.06753,
							0
						],
						"0.125": [
							2.5,
							-2.25,
							0
						],
						"0.1667": [
							2.21615,
							-2.20945,
							0
						],
						"0.25": [
							-0.71615,
							-1.79055,
							0
						],
						"0.2917": [
							1,
							0,
							0
						],
						"0.375": [
							1,
							0,
							0
						],
						"0.4583": [
							1,
							0,
							0
						],
						"0.5": [
							1,
							0,
							0
						],
						"0.5417": [
							1,
							0,
							0
						],
						"0.5833": [
							1,
							0,
							0
						],
						"0.75": [
							-0.244,
							-0.42699,
							0
						],
						"0.7917": [
							-0.13102,
							-0.22928,
							0
						],
						"0.8333": [
							-0.04151,
							-0.07265,
							0
						],
						"0.875": [
							0,
							0,
							0
						]
					}
				},
				"head": {
					"rotation": {
						"0.0": [
							0,
							0,
							0
						],
						"0.125": [
							0,
							0,
							0
						],
						"0.1667": [
							-2.02747,
							0,
							0
						],
						"0.25": [
							-22.97253,
							0,
							0
						],
						"0.2917": [
							-25,
							0,
							0
						],
						"0.375": [
							-25,
							0,
							0
						],
						"0.4583": [
							-25,
							0,
							0
						],
						"0.5": [
							-23.96215,
							0,
							0
						],
						"0.5417": [
							-21.72452,
							0,
							0
						],
						"0.5833": [
							-18.90009,
							0,
							0
						],
						"0.625": [
							-15.76786,
							0,
							0
						],
						"0.7083": [
							-9.23214,
							0,
							0
						],
						"0.75": [
							-6.09991,
							0,
							0
						],
						"0.7917": [
							-3.27548,
							0,
							0
						],
						"0.8333": [
							-1.03785,
							0,
							0
						],
						"0.875": [
							0,
							0,
							0
						]
					}
				},
				"leftArm": {
					"rotation": {
						"0.0": [
							0,
							0,
							0
						],
						"0.0417": [
							-14.01244,
							0.52343,
							-0.94319
						],
						"0.0833": [
							-158.77023,
							5.93079,
							-10.68692
						],
						"0.125": [
							-172.78267,
							6.45422,
							-11.6301
						],
						"0.1667": [
							-168.68958,
							8.99271,
							-12.40372
						],
						"0.25": [
							-126.40531,
							35.21701,
							-20.39568
						],
						"0.2917": [
							-122.31223,
							37.7555,
							-21.1693
						],
						"0.375": [
							-122.31223,
							37.7555,
							-21.1693
						],
						"0.4583": [
							-122.31223,
							37.7555,
							-21.1693
						],
						"0.5": [
							-117.23455,
							36.18812,
							-20.29048
						],
						"0.5417": [
							-106.28699,
							32.80881,
							-18.39572
						],
						"0.5833": [
							-92.46848,
							28.54329,
							-16.00407
						],