{
	"format_version": "1.8.0",
	"animations": {
		"animation.leapleaf.render": {
			"loop": "hold_on_last_frame",
			"bones": {
				"body": {
					"rotation": [
						0,
						-10,
						0
					]
				},
				"upper_body": {
					"rotation": [
						-52.5,
						0,
						0
					]
				},
				"rightArm": {
					"rotation": [
						37.78381,
						14.24,
						-17.60455
					]
				},
				"rightHand": {
					"rotation": [
						0,
						0,
						25
					]
				},
				"leftArm": {
					"rotation": [
						0,
						0,
						25
					]
				},
				"leftHand": {
					"rotation": [
						0,
						0,
						-30
					]
				},
				"head": {
					"rotation": [
						42.90688,
						-3.67547,
						-3.41473
					]
				}
			}
		},
		"animation.leapleaf.attack": {
			"loop": "hold_on_last_frame",
			"animation_length": 1,
			"bones": {
				"body": {
					"rotation": {
						"0.0": [
							0,
							0,
							0
						],
						"0.2083": [
							-2.5,
							0,
							0
						],
						"0.4167": [
							0,
							0,
							0
						]
					}
				},
				"upper_body": {
					"rotation": {
						"0.0": [
							0,
							0,
							0
						],
						"0.1667": [
							-32.5,
							0,
							0
						],
						"0.3333": [
							-32.5,
							0,
							0
						],
						"0.625": [
							22.5,
							0,
							0
						],
						"1.0": [
							0,
							0,
							0
						]
					}
				},
				"rightArm": {
					"rotation": {
						"0.0": [
							0,
							0,
							0
						],
						"0.2083": [
							-132.5,
							0,
							0
						],
						"0.375": [
							-132.5,
							0,
							0
						],
						"0.5": [
							-50,
							0,
							0
						],
						"0.6667": [
							-50,
							0,
							0
						],
						"0.875": [
							5,
							0,
							0
						],
						"1.0": [
							0,
							0,
							0
						]
					},
					"position": {
						"0.375": [
							0,
							0,
							0
						],
						"0.5": [
							0,
							-10,
							0
						],
						"0.6667": [
							0,
							-10,
							0
						],
						"0.875": [
							0,
							3,
							0
						],
						"1.0": [
							0,
							0,
							0
						]
					}
				},
				"rightHand": {
					"rotation": {
						"0.1667": [
							0,
							0,
							0
						],
						"0.2917": [
							-17.5,
							0,
							0
						],
						"0.4167": [
							-17.5,
							0,
							0
						],
						"0.5": [
							-17.5,
							0,
							0
						],
						"0.7083": [
							-35,
							0,
							0
						],
						"1.0": [
							0,
							0,
							0
						]
					}
				},
				"leftArm": {
					"rotation": {
						"0.0": [
							0,
							0,
							0
						],
						"0.2083": [
							-132.5,
							0,
							0
						],
						"0.375": [
							-132.5,
							0,
							0
						],
						"0.5": [
							-50,
							0,
							0
						],
						"0.6667": [
							-50,
							0,
							0
						],
						"0.875": [
							5,
							0,
							0
						],
						"0.9583": [
							0,
							0,
							0
						]
					},
					"position": {
						"0.375": [
							0,
							0,
							0
						],
						"0.5": [
							0,
							-10,
							0
						],
						"0.6667": [
							0,
							-10,
							0
						],
						"0.875": [
							0,
							3,
							0
						],
						"0.9583": [
							0,
							0,
							0
						]
					}
				},
				"leftHand": {
					"rotation": {
						"0.1667": [
							0,
							0,
							0
						],
						"0.2917": [
							-17.5,
							0,
							0
						],
						"0.4167": [
							-17.5,
							0,
							0
						],
						"0.5": [
							-17.5,
							0,
							0
						],
						"0.7083": [
							-35,
							0,
							0
						],
						"1.0": [
							0,
							0,
							0
						]
					}
				},
				"mouth1": {
					"rotation": {
						"0.0": [
							0,
							0,
							0
						],
						"0.1667": [
							-30,
							0,
							0
						],
						"0.5": [
							-35,
							0,
							0
						],
						"0.625": [
							0,
							0,
							0
						]
					}
				},
				"mouth3": {
					"rotation": {
						"0.0": [
							0,
							0,
							0
						],
						"0.1667": [
							-30,
							0,
							0
						],
						"0.5": [
							-35,
							0,
							0
						],
						"0.625": [
							0,
							0,
							0
						]
					}
				},
				"mouth4": {
					"rotation": {
						"0.0": [
							0,
							0,
							0
						],
						"0.1667": [
							30,
							0,
							0
						],
						"0.5": [
							35,
							0,
							0
						],
						"0.625": [
							0,
							0,
							0
						]
					}
				},
				"mouth2": {
					"rotation": {
						"0.0": [
							0,
							0,
							0
						],
						"0.1667": [
							30,
							0,
							0
						],
						"0.5": [
							35,
							0,
							0
						],
						"0.625": [
							0,
							0,
							0
						]
					}
				}
			}
		},
		"animation.leapleaf.walk": {
			"loop": true,
			"animation_length": 1,
			"bones": {
				"upper_body": {
					"rotation": {
						"0.0": [
							0,
							0,
							0
						],
						"0.4167": [
							10,
							0,
							0
						],
						"1.0": [
							0,
							0,
							0
						]
					},
					"position": {
						"0.0": [
							0,
							0,
							0
						],
						"0.4167": [
							0,
							-1,
							0
						],
						"1.0": [
							0,
							0,
							0
						]
					}
				},
				"rightArm": {
					"rotation": {
						"0.0": [
							0,
							0,
							0
						],
						"0.25": [
							32.5,
							0,
							0
						],
						"0.5": [
							25.83,
							0,
							0
						],
						"0.625": [
							22.5,
							0,
							0
						],
						"0.8333": [
							-22.5,
							0,
							0
						],
						"1.0": [
							0,
							0,
							0
						]
					},
					"position": {
						"0.5417": [
							0,
							0,
							0
						],
						"0.7083": [
							0,
							5,
							0
						],
						"0.9167": [
							0,
							-1,
							0
						],
						"1.0": [
							0,
							0,
							0
						]
					}
				},
				"leftArm": {
					"rotation": {
						"0.0833": [
							22.5,
							0,
							0
						],
						"0.2917": [
							-22.5,
							0,
							0
						],
						"0.4583": [
							0,
							0,
							0
						],
						"0.7083": [
							32.5,
							0,
							0
						],
						"1.0": [
							25.83,
							0,
							0
						]
					},
					"position": {
						"0.0": [
							0,
							0,
							0
						],
						"0.1667": [
							0,
							5,
							0
						],
						"0.375": [
							0,
							-1,
							0
						],
						"0.4583": [
							0,
							0,
							0
						]
					}
				},
				"leftFoot": {
					"rotation": {
						"0.0": [
							0,
							0,
							0
						],
						"0.25": [
							17.5,
							0,
							0
						],
						"0.5": [
							0,
							0,
							0
						],
						"0.75": [
							-10,
							0,
							0
						],
						"1.0": [
							0,
							0,
							0
						]
					},
					"position": {
						"0.0": [
							0,
							0,
							0
						],
						"0.3333": [
							0,
							0,
							0
						],
						"0.5": [
							0,
							1,
							0
						],
						"0.6667": [
							0,
							2,
							0
						],
						"0.8333": [
							0,
							0,
							0
						]
					}
				},
				"rightFoot": {
					"rotation": {
						"0.0": [
							0,
							0,
							0
						],
						"0.25": [
							-10,
							0,
							0
						],
						"0.5": [
							0,
							0,
							0
						],
						"0.75": [
							17.5,
							0,
							0
						],
						"1.0": [
							17.5,
							0,
							0
						]
					},
					"position": {
						"0.0": [
							0,
							1,
							0
						],
						"0.1667": [
							0,
							2,
							0
						],
						"0.3333": [
							0,
							0,
							0
						],
						"0.5": [
							0,
							0,
							0
						],
						"0.8333": [
							0,
							0,
							0
						],
						"1.0": [
							0,
							1,
							0
						]
					}
				}
			}
		},
		"animation.leapleaf.new": {
			"loop": true
		},
		"animation.leapleaf.spawn": {
			"loop": "hold_on_last_frame",
			"animation_length": 1.0417,