{
	"format_version": "1.8.0",
	"animations": {
		"animation.squall_golem.off": {
			"loop": "hold_on_last_frame",
			"bones": {
				"upper": {
					"rotation": [
						20,
						0,
						0
					],
					"position": [
						0,
						-3,
						0
					]
				},
				"rightArm": {
					"rotation": [
						-17.5,
						0,
						0
					],
					"position": [
						0,
						3,
						0
					]
				},
				"leftArm": {
					"rotation": [
						-17.5,
						0,
						0
					],
					"position": [
						0,
						3,
						0
					]
				}
			}
		},
		"animation.squall_golem.power_up": {
			"loop": "hold_on_last_frame",
			"animation_length": 1.5,
			"sound_effects": {
				"0.01": {
					"effect": "awaken"
				},
				"0.1": {
					"effect": "wind"
				},
				"0.6": {
					"effect": "wind"
				},
				"1.1": {
					"effect": "wind"
				}
			},
			"bones": {
				"upper": {
					"rotation": {
						"0.0": [
							20,
							0,
							0
						],
						"0.125": [
							19.98247,
							0.85481,
							-2.34941
						],
						"0.25": [
							22.49791,
							0.10343,
							0.03937
						],
						"0.375": [
							17.48599,
							-1.0549,
							2.27548
						],
						"0.5": [
							15.0126,
							-0.29942,
							-0.10546
						],
						"0.8333": [
							20,
							0,
							0
						],
						"1.0417": [
							20,
							0,
							0
						],
						"1.25": [
							0,
							0,
							0
						]
					},
					"position": {
						"0.0": [
							0,
							-3,
							0
						],
						"1.0": [
							0,
							-3,
							0
						],
						"1.2083": [
							0,
							1,
							0
						],
						"1.375": [
							0,
							0,
							0
						]
					}
				},
				"rightArm": {
					"rotation": {
						"0.0833": [
							-17.5,
							0,
							0
						],
						"0.2917": [
							-16.93839,
							4.46375,
							14.33501
						],
						"0.4583": [
							-16.94,
							4.46,
							14.34
						],
						"1.2083": [
							0,
							0,
							0
						]
					},
					"position": {
						"0.0": [
							0,
							3,
							0
						],
						"0.2083": [
							0,
							4,
							0
						],
						"0.5": [
							0,
							0,
							0
						],
						"1.0": [
							0,
							3,
							0
						],
						"1.2917": [
							0,
							0,
							0
						]
					}
				},
				"leftArm": {
					"rotation": {
						"0.4167": [
							-17.5,
							0,
							0
						],
						"0.5": [
							-17.5,
							0,
							0
						],
						"0.7083": [
							-17.25002,
							-2.99318,
							-9.54589
						],
						"0.875": [
							-17.24997,
							-2.99726,
							-9.54078
						],
						"1.3333": [
							0,
							0,
							0
						]
					},
					"position": {
						"0.4167": [
							0,
							3,
							0
						],
						"0.625": [
							0,
							4,
							0
						],
						"0.9167": [
							0,
							0,
							0
						],
						"1.2083": [
							0,
							3,
							0
						],
						"1.4167": [
							0,
							0,
							0
						]
					}
				},
				"fanLeft": {
					"rotation": [
						0,
						"q.life_time*180",
						0
					]
				},
				"fanRight": {
					"rotation": [
						0,
						"-q.life_time*180",
						0
					]
				}
			}
		},
		"animation.squall_golem.idle": {
			"loop": true,
			"bones": {
				"upper": {
					"rotation": [
						"-math.sin(q.life_time*120)*1",
						0,
						0
					]
				},
				"fanLeft": {
					"rotation": [
						0,
						"q.life_time*180",
						0
					]
				},
				"fanRight": {
					"rotation": [
						0,
						"-q.life_time*180",
						0
					]
				},
				"rightArm": {
					"rotation": [
						0,
						0,
						"math.cos(q.life_time*60)*2"
					]
				},
				"leftArm": {
					"rotation": [
						0,
						0,
						"-math.cos(q.life_time*60)*2"
					]
				}
			}
		},
		"animation.squall_golem.wind_sounds": {
			"loop": true,
			"animation_length": 0.5,
			"sound_effects": {
				"0.1": {
					"effect": "wind"
				}
			}
		},
		"animation.squall_golem.attack": {
			"loop": "hold_on_last_frame",
			"animation_length": 1.25,
			"sound_effects": {
				"0.125": {
					"effect": "attack"
				}
			},
			"bones": {
				"upper": {
					"rotation": {
						"0.0": [
							0,
							0,
							0
						],
						"0.125": [
							11,
							0,
							0
						],
						"0.25": [
							5,
							0,
							0
						],
						"0.3333": [
							-20,
							0,
							0
						],
						"0.75": [
							-35,
							0,
							0
						],
						"0.875": [
							47.5,
							0,
							0
						],
						"0.9583": [
							45,
							0,
							0
						],
						"1.2083": [
							0,
							0,
							0
						]
					}
				},
				"leftFoot": {
					"rotation": {
						"0.0": [
							0,
							0,
							0
						],
						"0.25": [
							-7.5,
							0,
							0
						],
						"0.6667": [
							-5,
							0,
							0
						],
						"0.75": [
							5,
							0,
							0
						],
						"1.0417": [
							40,
							0,
							0
						],
						"1.25": [
							0,
							0,
							0
						]
					}
				},
				"rightFoot": {
					"rotation": {
						"0.0833": [
							0,
							0,
							0
						],
						"0.375": [
							4.55,
							0,
							0
						],
						"0.5417": [
							-12.5,
							0,
							0
						],
						"0.6667": [
							-25,
							0,
							0
						],
						"0.75": [
							-17.5,
							0,
							0
						],
						"0.9167": [
							7.5,
							0,
							0
						],
						"1.0833": [
							0,
							0,
							0
						]
					},
					"position": {
						"0.125": [
							0,
							0,
							0
						],
						"0.4583": [
							0,
							4,
							-6
						],
						"0.7083": [
							0,
							4,
							-6
						],
						"0.9167": [
							0,
							-1,
							-7
						],
						"1.0833": [
							0,
							0,
							0
						]
					}
				},
				"rightArm": {
					"rotation": {
						"0.0": [
							0,
							0,
							0
						],
						"0.125": [
							-5,
							0,
							12.5
						],
						"0.4167": [
							-191.67,
							0,
							-12.5
						],
						"0.75": [
							-177.5,
							0,
							-12.5
						],
						"0.9167": [
							-77.5,
							0,
							12.5
						],
						"1.25": [
							0,
							0,
							0
						]
					}
				},
				"leftArm": {
					"rotation": {
						"0.0": [
							0,
							0,
							0
						],
						"0.125": [
							-5,
							0,
							-12.5
						],
						"0.4167": [
							-191.67,
							0,
							12.5
						],
						"0.75": [
							-177.5,
							0,
							12.5
						],
						"0.9167": [
							-77.5,
							0,
							-12.5
						],
						"1.25": [
							0,
							0,
							0
						]
					}
				}
			}
		},
		"animation.squall_golem.walk": {
			"loop": true,
			"animation_length": 3.0417,
			"bones": {
				"upper": {
					"rotation": {
						"0.0": [
							0,
							0,
							1.7
						],
						"0.375": [
							0,
							0,
							0
						],
						"0.4583": [
							2.5,
							0,
							-5
						],
						"1.2083": [
							0,
							0,
							0
						],
						"1.2917": [
							2.5,
							0,
							5
						],
						"1.9583": [
							0,
							0,
							0
						],
						"2.0417": [
							2.5,
							0,
							-5
						],
						"2.625": [
							0,
							0,
							0
						],
						"2.7083": [
							2.5,
							0,
							5
						],
						"3.0": [
							0,
							0,
							1.7
						]
					}
				},
				"leftFoot": {
					"rotation": {
						"0.0": [
							-0.42,
							0,
							0
						],
						"0.0417": [
							0,
							0,
							0
						],
						"0.3333": [
							0,
							0,
							0
						],
						"0.7083": [
							27.5,
							0,
							0
						],
						"0.75": [
							27.5,
							0,
							0
						],
						"1.0417": [
							-2.5,
							0,
							0
						],
						"1.2917": [
							-2.5,
							0,
							0
						],
						"1.5": [
							-0.42,
							0,
							0
						],
						"1.5417": [
							0,
							0,
							0
						],
						"1.8333": [
							0,
							0,
							0
						],
						"2.2083": [
							27.5,
							0,
							0
						],
						"2.25": [
							27.5,
							0,
							0
						],