{
	"format_version": "1.8.0",
	"animations": {
		"animation.skeleton.bogged.new": {
			"loop": true
		},
		"animation.bogged.rise": {
			"loop": "hold_on_last_frame",
			"animation_length": 2.5,
			"bones": {
				"waist": {
					"rotation": {
						"0.0": [
							0,
							0,
							0
						],
						"0.2083": [
							0,
							0,
							-25
						],
						"0.3333": [
							0,
							0,
							-15
						],
						"0.875": [
							0,
							0,
							0
						],
						"1.875": [
							45,
							0,
							0
						],
						"2.2083": [
							0,
							0,
							0
						]
					},
					"position": {
						"0.0": [
							0,
							-35,
							0
						],
						"0.2083": [
							0,
							-34,
							0
						],
						"0.3333": [
							0,
							-31,
							0
						],
						"0.4583": [
							0,
							-31,
							0
						],
						"0.9167": [
							0,
							-21,
							0
						],
						"1.0": [
							0,
							-21,
							0
						],
						"1.4583": [
							0,
							-12.07,
							0
						],
						"1.8333": [
							0,
							-0.31,
							0
						],
						"2.0417": [
							0,
							0,
							0
						]
					}
				},
				"body": {
					"scale": {
						"0.0": [
							0,
							0,
							0
						],
						"0.2083": {
							"pre": [
								0,
								0,
								0
							],
							"post": [
								1,
								1,
								1
							]
						}
					}
				},
				"head": {
					"rotation": {
						"0.0": [
							90,
							0,
							0
						],
						"1.0": [
							-8,
							0,
							0
						],
						"1.5": [
							32,
							0,
							0
						],
						"2.125": [
							0,
							0,
							0
						]
					},
					"scale": {
						"0.0": [
							0,
							0,
							0
						],
						"0.2917": {
							"pre": [
								0,
								0,
								0
							],
							"post": [
								1,
								1,
								1
							]
						}
					}
				},
				"rightArm": {
					"rotation": {
						"0.125": [
							0,
							0,
							0
						],
						"0.2917": [
							-62.5,
							0,
							0
						],
						"0.5417": [
							-62.5,
							0,
							0
						],
						"0.7917": [
							-62.5,
							0,
							0
						],
						"1.0": [
							-12.5,
							0,
							0
						],
						"1.25": [
							-2.91916,
							1.85825,
							32.45265
						],
						"1.5417": [
							7.08,
							0,
							0
						],
						"1.9583": [
							21.20306,
							-14.59401,
							-26.3942
						],
						"2.1667": [
							9.66549,
							0.33151,
							43.7066
						],
						"2.25": [
							0,
							0,
							0
						]
					},
					"position": [
						0,
						0,
						0
					],
					"scale": {
						"0.0": [
							0,
							0,
							0
						],
						"0.5417": {
							"pre": [
								0,
								0,
								0
							],
							"post": [
								1,
								1,
								1
							]
						}
					}
				},
				"shield": {
					"scale": {
						"0.0": [
							0,
							0,
							0
						],
						"0.2917": {
							"pre": [
								0,
								0,
								0
							],
							"post": [
								1,
								1,
								1
							]
						}
					}
				},
				"leftArm": {
					"rotation": {
						"0.0": [
							0,
							0,
							0
						],
						"0.2083": [
							0,
							0,
							-122.5
						],
						"0.75": [
							0,
							0,
							-122.5
						],
						"0.9167": [
							-12.85952,
							-17.34551,
							-60.14334
						],
						"1.3333": [
							-9.69986,
							-1.70818,
							-19.9299
						],
						"1.4583": [
							-1,
							-1,
							-1
						],
						"1.75": [
							-0.47,
							-0.47,
							-0.47
						],
						"1.9583": [
							21.20306,
							-14.59401,
							26.3942
						],
						"2.1667": [
							9.66549,
							0.33151,
							-43.7066
						],
						"2.25": [
							0,
							0,
							0
						]
					},
					"scale": {
						"0.0": [
							0,
							0,
							0
						],
						"0.2083": {
							"pre": [
								0,
								0,
								0
							],
							"post": [
								1,
								1,
								1
							]
						}
					}
				},
				"leftItem": {
					"scale": {
						"0.0": [
							0,
							0,
							0
						],
						"2.1667": {
							"pre": [
								0,
								0,
								0
							],
							"post": [
								1,
								1,
								1
							]
						}
					}
				},
				"rightItem": {
					"scale": {
						"0.0": [
							0,
							0,
							0
						],
						"2.1667": {
							"pre": [
								0,
								0,
								0
							],
							"post": [
								1,
								1,
								1
							]
						}
					}
				},
				"rightLeg": {
					"rotation": {
						"1.9583": [
							-45,
							0,
							0
						],
						"2.2083": [
							0,
							0,
							0
						]
					},
					"scale": {
						"0.0": [
							0,
							0,
							0
						],
						"1.3333": {
							"pre": [
								0,
								0,
								0
							],
							"post": [
								1,
								1,
								1
							]
						}
					}
				},
				"leftLeg": {
					"rotation": {
						"1.9583": [
							-45,
							0,
							0
						],
						"2.2083": [
							0,
							0,
							0
						]
					},
					"scale": {
						"0.0": [
							0,
							0,
							0
						],
						"1.3333": {
							"pre": [
								0,
								0,
								0
							],
							"post": [
								1,
								1,
								1
							]
						}
					}
				}
			}
		}
	}
}